<?xml version="1.0" encoding="UTF-8"?>
<rules xmlns="http://namespaces.plone.org/diazo" xmlns:css="http://namespaces.plone.org/diazo/css" css:if-content="#visual-portal-wrapper">

    <theme href="homepage.html" />
    <notheme if-path="presentation_view"/>
    <notheme if-path="source_editor.htm"/>
    <notheme if-path="ploneimage.htm"/>
    <notheme if-path="anchor.htm"/>
    <notheme if-path="table.htm"/>
    <notheme if-path="attributes.htm"/>

<!--  resources -->
    <replace theme="/html/head/title" content="/html/head/title"/>
    <drop css:theme="meta"/>
    <before content='/html/head' theme='/html/head' />
    <copy attributes="class" css:content="body" css:theme="body" />
    <copy attributes="id dir" css:content="body" css:theme="body" />

    <!-- plone.app.cmsui rule -->
    <before css:theme-children="body" css:content="#plone-cmsui-trigger" />
<!-- MENU -->
      <replace css:theme="#navmenu ul" css:content="#portal-megamenu"/>
      <drop css:content="#portal-breadcrumbs" />
<!--
    <replace css:theme="#menu ul" css:content="#portal-globalnav"/>
    <drop attributes="id" css:content="#portal-globalnav"/>
-->
<!-- SIDE BAR -->
    <drop css:theme="#sidebar ul"/>
    <append css:content='#portal-column-one .portletWrapper' css:theme='#sidebar' />
    <append css:content='#portal-column-one .managePortletsLink' css:theme='#sidebar' />
    <append css:content='#portletmanager-plone-leftcolumn' css:theme='#sidebar' />
    <append css:content='#portlet-prefs' css:theme="#sidebar"/>

<!--  CONTENT -->
    <prepend css:theme="#main" css:content="#portal-column-content"/>
    <drop attributes="class" css:content="#portal-column-content"/>
    

<!--    <rules css:if-content="body.template-search,body.template-search_form,body.template-overview-controlpanel">
        <replace css:theme-children="#page" css:content="#viewlet-above-content" />
        <append css:theme="#page" css:content="#content"/>
        <append css:theme="#page" css:content="#viewlet-below-content" />
    </rules>-->
    
<!-- FOOTER -->
    <replace css:theme-children="#footer" css:content-children="#portal-footer"/>
    <prepend css:content="#portal-siteactions" css:theme="#footer"/>
<!--  TOOLS -->
<!--    <append css:content='#portal-personaltools-wrapper' css:theme='#menu' />
    <drop css:content="h5.hiddenStructure"/>-->

</rules>
